{
  "mean_return_final": {
    "steps": [
      0
    ],
    "timestamps": [
      "2020-11-20T21:00:09.596942"
    ],
    "values": [
      {
        "dtype": "float64",
        "values": [
          415.4144629154801
        ]
      }
    ]
  }
}