{
  "mean_return_final": {
    "steps": [
      0
    ],
    "timestamps": [
      "2020-11-23T11:57:26.285332"
    ],
    "values": [
      519.8816683809667
    ]
  }
}