{
  "mean_return_final": {
    "steps": [
      0
    ],
    "timestamps": [
      "2020-11-23T12:01:33.942699"
    ],
    "values": [
      342.1911685138312
    ]
  }
}